friday_date,friday_type,drop_rate,is_drop,monday_date,open_to_open,open_to_close,close_to_open,close_to_close
2025-01-24,weekday_friday,-0.0031598808553994218,True,2025-01-27,-0.008643111263929026,0.004038018918236075,-0.0061995454340816325,0.006512842085122372
2025-01-31,weekday_friday,-0.007519000506970297,True,2025-02-03,-0.017450274477462835,-0.014037470014520603,-0.006207516631175913,-0.002755661387233155
2025-02-07,weekday_friday,-0.009927463859162211,True,2025-02-10,-0.008168620232200885,-0.006526885167905894,0.0021109766022111565,0.0037697270331440436
2025-02-14,weekday_friday,-0.0036981944808226475,True,2025-02-18,-0.00306518550390511,-0.0036816815510544165,0.0008492786086318205,0.00023036189002323404
2025-02-21,weekday_friday,-0.016946258548996562,True,2025-02-24,-0.0074625022943134445,-0.008190710016346081,0.0014990681869144762,0.000764285514473384
2025-02-28,weekday_friday,0.013908813844979662,False,2025-03-03,0.014809311356998922,-0.001585802507540035,0.0013589618643332635,-0.014818850080542512
2025-03-07,weekday_friday,0.005228873775669607,False,2025-03-10,0.00010771280677701611,-0.013913333099281666,-0.006870525789341109,-0.02079374002942347
2025-03-14,weekday_friday,0.016529332978824973,False,2025-03-17,0.009806923167526405,0.019096565816786537,-0.0006742317585284319,0.008518990296278783
2025-03-21,weekday_friday,0.0007634973766417197,False,2025-03-24,0.009978646448604245,0.019632546815533614,0.004639452934198651,0.014242318516967778
2025-03-28,weekday_friday,-0.01692212461247744,True,2025-03-31,-0.02043517618699331,-0.005777106278080368,-0.004842713497693607,0.010048679824428808
2025-04-04,weekday_friday,-0.055025753008885125,True,2025-04-07,-0.05532085436990053,-0.05317727257760352,-0.01135880294484315,-0.009115466380333004
2025-04-11,weekday_friday,0.01563509861950152,False,2025-04-14,0.026655744489094024,0.026114910750564047,0.00829184335565536,0.007760683568064808
2025-04-17,holiday_eve,-0.013288839277449838,True,2025-04-21,-0.021122829308448998,-0.0396312758062316,-0.006034183627797285,-0.02482792372488518
2025-04-25,weekday_friday,0.0005013683869012908,False,2025-04-28,0.003146597927545125,0.004541292489143478,0.0014518374425069869,0.0028441757450734517
2025-05-02,weekday_friday,0.013850987437837636,False,2025-05-05,0.005199092721747123,0.00630868136047491,-0.0034864410090248432,-0.0023864398934242415
2025-05-09,weekday_friday,-0.002878288037107102,True,2025-05-12,0.011920410218944744,0.024262998095341937,0.015749858354874746,0.02813915474674289
2025-05-16,weekday_friday,0.00784420391515206,False,2025-05-19,0.004405715773416086,0.010290609209266721,-0.002624085670435372,0.003219619596408707
2025-05-23,weekday_friday,-0.006116223076174321,True,2025-05-27,0.0077864996817200716,0.01969742193722479,0.005912273977675575,0.01780104495743151
2025-05-30,weekday_friday,0.0012871942080978638,False,2025-06-02,0.00017988672043456333,0.0026812657285153474,-0.001659067650740642,0.000837712262795387
2025-06-06,weekday_friday,0.010471066941742713,False,2025-06-09,0.003621029846214041,0.003047991038090947,0.000545340195911459,-2.5942481681529017e-05
2025-06-13,weekday_friday,-0.01791656162602817,True,2025-06-16,-0.006560708571938134,-0.0015122454358562631,0.0024252418437946677,0.007519369812954979
2025-06-20,weekday_friday,0.0008337389640276083,False,2025-06-23,-0.0026610584620966327,0.0068735851292553996,-0.0006697858554777225,0.0088838944683296
2025-06-27,weekday_friday,0.009966839923288173,False,2025-06-30,0.011838902928627881,0.013542347366547913,0.004595937521422622,0.006287188329406668
2025-07-03,holiday_eve,0.007735502913063241,False,2025-07-07,0.0053316588411504995,-0.0035765273780874463,-0.00056151460460796,-0.009417481751646695
2025-07-11,weekday_friday,-0.006251397568833861,True,2025-07-14,-0.0030265010063601494,-0.0004748365186254544,-0.0005716118353317201,0.0019863357216372
2025-07-18,weekday_friday,-0.00319879761458286,True,2025-07-21,-0.004560771580188194,-0.005577743014017922,0.0005910179542074623,-0.0004312167067888062
2025-07-25,weekday_friday,0.0046541400835771185,False,2025-07-28,0.004238399059370845,0.0017936152846638187,0.0010034892019863406,-0.001433419296153482
2025-08-01,weekday_friday,-0.01229073856933871,True,2025-08-04,-0.0013190421634003968,0.008950554030720426,0.0031072682816490893,0.013422380934799083
2025-08-08,weekday_friday,0.004707190103173664,False,2025-08-11,0.0031651791799693907,-0.0015860927584010476,0.0001980731024153748,-0.0045391457885237685
2025-08-15,weekday_friday,0.0007761833817607755,False,2025-08-18,-0.004356480793901052,-0.0054935858572708884,0.0003793604617055024,-0.0007631533136853719
2025-08-22,weekday_friday,0.018895363036027346,False,2025-08-25,0.014512331793265831,0.00733189623822228,-0.0005804793384538431,-0.007654092182447392
2025-08-29,weekday_friday,-0.002016340601586286,True,2025-09-02,-0.0066511093978847136,-0.006473922410949351,-0.005646045036793668,-0.005468678773143498
2025-09-05,weekday_friday,-0.004831728608063135,True,2025-09-08,-0.004947356109794465,-0.0031000864899661806,0.0006552739399550145,0.0025129445856442167
2025-09-12,weekday_friday,-0.005937825323154344,True,2025-09-15,-0.004964500767564717,-0.0042036333770439915,0.00030919857230027326,0.0010740985685504523
2025-09-19,weekday_friday,0.003745959774678509,False,2025-09-22,-9.67028307640172e-05,0.0036869644837720372,-0.0023443267436182857,0.0014308354873178164
2025-09-26,weekday_friday,0.006528536331603885,False,2025-09-29,0.004444342389927858,0.004655408829592922,0.001276848490950444,0.001487249337080998
2025-10-03,weekday_friday,0.005128201683291644,False,2025-10-06,0.004123519945635756,0.002383214242499543,0.0003797789830009002,-0.0013540382218389935
2025-10-10,weekday_friday,-0.018957080007374616,True,2025-10-13,-0.015010664650235372,-0.007054674760793689,0.004812253570410707,0.01292835781975743
2025-10-17,weekday_friday,0.0051873663322132835,False,2025-10-20,0.009822435897326676,0.01840679328296413,0.002647064693547252,0.011170425265687456
2025-10-24,weekday_friday,0.010110531040466109,False,2025-10-27,0.01284489734304306,0.01566021045003696,0.0043569631601032555,0.007148683126213307
2025-10-31,weekday_friday,0.0008574953950311048,False,2025-11-03,0.0007840373085701291,-0.0067830783668484385,0.002826932608525068,-0.004755629781140858
2025-11-07,weekday_friday,0.001594481191591779,False,2025-11-10,0.006368509621002882,0.012214399951919974,0.0022975886500766762,0.008119831423151425
2025-11-14,weekday_friday,-0.00652668423073155,True,2025-11-17,-0.003267948715721669,-0.013386462936460286,-0.0016845412355097622,-0.01181912971721466
2025-11-21,weekday_friday,0.010778667960318566,False,2025-11-24,0.011859796534736011,0.01396288944483226,0.002303353584498513,0.004386583972649349
2025-11-28,weekday_friday,0.006099901798342966,False,2025-12-01,0.0020765983604400517,-0.00406303144859399,-0.002841166775982229,-0.008950665896928167
2025-12-05,weekday_friday,0.002174395569705778,False,2025-12-08,0.001919609880838724,-0.002929875049542452,0.00034456139167615696,-0.004497299999014381
2025-12-12,weekday_friday,-0.005050116588348974,True,2025-12-15,-0.002471338249708799,-0.006121172873718939,0.0028129194540928992,-0.0008562496186094171
2025-12-19,weekday_friday,0.003817142749147573,False,2025-12-22,0.004941312801295394,0.008084644663045149,0.0015994277799400436,0.004732306639577022
2025-12-26,weekday_friday,-0.0004143428185428011,True,2025-12-29,-0.0015568877064970899,-0.005143222442405948,-0.0015261417635016317,-0.005112586936592223
2026-01-02,weekday_friday,0.006639195292795108,False,2026-01-05,0.007687778554690272,0.018109998180287246,0.001930825813756476,0.012293502962887226
2026-01-09,weekday_friday,0.00483011426148372,False,2026-01-12,0.005379594007066446,0.007218279813625994,-8.88500172255835e-05,0.001739834839969756
2026-01-16,weekday_friday,-0.0016810108660915146,True,2026-01-20,-0.009333299114184679,-0.01977308756087881,-0.00717830691197241,-0.017640804977022806
2026-01-23,weekday_friday,-0.0057771892424380855,True,2026-01-26,-0.0025756990203240626,0.003001334789967558,0.0007930452603850391,0.006388915187596433
2026-01-30,weekday_friday,-0.003649565020598544,True,2026-02-02,-0.004365064019636655,0.00849204523573266,-0.0023459486027692655,0.01053723445392607
2026-02-06,weekday_friday,0.024677668028259214,False,2026-02-09,0.02071287509537134,0.0225092873854158,-0.0013545226465149218,0.0004030519395286092
2026-02-13,weekday_friday,0.0009898333350053523,False,2026-02-17,0.0017353094828820304,0.001893488674464594,0.000493756509307941,0.0006517396532483843
2026-02-20,weekday_friday,0.004672696535852783,False,2026-02-23,0.0043294013442005674,-0.010521286342071612,-0.0018020743927542604,-0.016562097969120226
2026-02-27,weekday_friday,-0.010531025793898974,True,2026-03-02,-0.009322135118060126,-0.00708149805764402,-0.003746586073380631,-0.0014933386758766432
2026-03-06,weekday_friday,-0.009450317450219403,True,2026-03-09,-0.0055268607960428096,0.002230523816377117,-0.0027424269125424505,0.005036677667678013
2026-03-13,weekday_friday,-0.0025575901311599702,True,2026-03-16,0.0003889580751050836,0.0055081617192132,0.0031987668731050523,0.008332348908059783
2026-03-20,weekday_friday,-0.00964683062900551,True,2026-03-23,-0.0037373725187059836,0.005063991926432587,0.004966303937183891,0.013844559983379856
2026-03-27,weekday_friday,-0.017264292030419015,True,2026-03-30,-0.01353232884210065,-0.01499010167903847,0.002577521089437873,0.00109594159129478
2026-04-02,holiday_eve,-0.001311402084536284,True,2026-04-06,6.11121777489565e-05,0.0043150913622853615,-0.000698266538408987,0.0035524824622794604
2026-04-10,weekday_friday,-0.0055873403447673775,True,2026-04-13,-0.009983107281244852,0.00039127828703744427,-0.004139682237404463,0.006295936573350813
2026-04-17,weekday_friday,0.01788254115903376,False,2026-04-20,0.012985816179187593,0.013399589349344154,-0.0005067724229219639,-9.851055516507667e-05
2026-04-24,weekday_friday,-0.0016144566592851683,True,2026-04-27,-0.004219152963323092,-0.0030920337836372047,-0.0024072721375170136,-0.001278102099315226
2026-05-01,weekday_friday,-0.0030788419557691293,True,2026-05-04,-0.008346150994055224,-0.01787328788008724,-0.001668900890503977,-0.011260188261932202
2026-05-08,weekday_friday,0.00024580950322694584,False,2026-05-11,-0.0006458012792963652,0.0024884266690954338,-0.001211265088155944,0.001921189422473768
2026-05-15,weekday_friday,-0.0107321597915645,True,2026-05-18,-0.008997001833885965,-0.0048896323911781225,-0.0009112921671780017,0.0032295897844416555
2026-05-22,weekday_friday,0.0058473740145073005,False,2026-05-26,0.0049866511969776095,0.0005359658654802146,0.0021045838625812774,-0.0023333379413662536
2026-05-29,weekday_friday,0.007173861960630523,False,2026-06-01,0.007625794528301366,0.006006406618310534,0.002520760759657348,0.0009095773140717078
2026-06-05,weekday_friday,-0.013481815783719986,True,2026-06-08,-0.01187345147445551,-0.015966043415291842,0.0025645267017953,-0.0015878640099721286
2026-06-12,weekday_friday,0.00695222043314736,False,2026-06-15,0.004219465674360379,0.010211412413629883,0.0031695682388297453,0.009155250481412525
2026-06-18,holiday_eve,0.0014011432023730563,False,2026-06-22,-0.00032304747154188185,0.002731322819179649,-0.00018438607504844828,0.002870407875785297
